,sample,Activated CD8 T cell,Central memory CD8 T cell,Effector memeory CD8 T cell,Activated CD4 T cell,Central memory CD4 T cell,Effector memeory CD4 T cell,T follicular helper cell,Gamma delta T cell,Type 1 T helper cell,Type 17 T helper cell,Type 2 T helper cell,Regulatory T cell,Activated B cell,Immature  B cell,Memory B cell,Natural killer cell,CD56bright natural killer cell,CD56dim natural killer cell,Myeloid derived suppressor cell,Natural killer T cell,Activated dendritic cell,Plasmacytoid dendritic cell,Immature dendritic cell,Macrophage,Eosinophil,Mast cell,Monocyte,Neutrophil,group
1,TCGA.AB.2812.03A,0.201301792298933,0.225491073940654,0.128376771111837,0.242999870771593,0.465132052403293,0.247640480552912,0.0627152137769145,0.215880932295224,0.105529353030185,-0.0674670005708402,0.125396360579223,0.207168523443061,0.00977249651280866,0.0261904945276336,0.247450195190539,0.124635075353014,0.216934996156574,0.133051982800541,0.38209661947656,0.0813815372256669,0.226969335642019,0.439728959206225,0.340868698981814,0.141493130634498,0.212619998810657,0.266638780371205,0.393492683588137,-0.162499832886292,High
2,TCGA.AB.2979.03B,0.359053014863907,0.267266651092268,0.307385522001885,0.22871574774833,0.481015966312603,0.242541413728837,0.163010969117372,0.306705393275939,0.163832244393761,-0.0353303984036173,0.0773817977823306,0.254638067407503,0.175438358755186,0.270775171813654,0.272974144554823,0.148256013228551,0.222914563740711,0.16063505443638,0.485204751261585,0.068019187169205,0.298482095207432,0.452774432112088,0.28745039278034,0.117732184326669,0.112364588681777,0.231404570644973,0.396081027108071,-0.127677397531764,High
3,TCGA.AB.2834.03A,0.238172170732008,0.331658135967474,0.216921592604845,0.314280783792118,0.503856864388002,0.300757664058083,0.180873446876113,0.284895093053163,0.158407601716286,0.00967197146910783,0.108464443460252,0.327130548233406,0.0595954912744431,0.220082956111513,0.284330382283969,0.204210051490346,0.179684125182121,0.151988704348971,0.579013631726868,0.114650168820897,0.366141082589179,0.490018542580264,0.385260402964707,0.325712545019885,0.180900363507335,0.299435011429875,0.446858579360607,0.270903885653907,High
4,TCGA.AB.2851.03A,0.292697099801544,0.320308455059966,0.320771755796389,0.144208942779275,0.526666331120922,0.249059039291266,0.227632836829223,0.330710014327624,0.190243447576591,-0.00582279949883026,0.0015703160605897,0.370127535593604,0.179748790441625,0.341134411785135,0.199173155380948,0.216385120444987,0.20200104015559,0.232153635079527,0.660297580103368,0.141953366587609,0.329829997559466,0.517301544770619,0.370703044111183,0.425919616919924,0.215688209651353,0.363395184989876,0.536030210896216,0.251913559356042,High
5,TCGA.AB.2871.03A,0.544377537960193,0.219176859777208,0.320709613826408,0.285632661541755,0.54375335531113,0.292996216062972,0.105072392241693,0.275794068896218,0.18232874613229,-0.0623563234717454,0.0872465890334881,0.160939395076206,0.247072062844284,0.316242679828483,0.24375608289842,0.126974262629994,0.223875947827959,0.178799791003354,0.42662090811511,0.10726793485846,0.228691684750568,0.452714908110234,0.340327562964918,0.115065152363277,0.0886219669961086,0.187617493921689,0.376691866270458,-0.228519556813367,High
6,TCGA.AB.2862.03A,0.41627003953392,0.285386175437698,0.211602657564285,0.236567590011455,0.477020121736131,0.160115530452867,0.0966147183795472,0.251691347985692,0.140361707180169,-0.00708576266567516,-0.00599360304219363,0.186112257700811,0.156324296306591,0.197590737421125,0.26595968597856,0.125859059888884,0.224672862853533,0.181920520941323,0.359523373319705,0.0775824463181872,0.204625771604749,0.37352507666082,0.366693980505385,0.0955134156025728,0.121332689731004,0.243933321280998,0.422988631187054,-0.164724156552736,Low
7,TCGA.AB.2878.03A,0.365668602999051,0.256847134970016,0.241496787236316,0.375311771729749,0.463561778445849,0.310091381485007,0.0971750411483986,0.294594764469096,0.149594419017529,-0.0121822615561719,0.177199819821345,0.246274267254118,0.14107533116646,0.211993894063759,0.316617321026219,0.163518660881938,0.255552407316558,0.137493188852324,0.449431906983513,0.105058738070977,0.301084608610853,0.485651467501614,0.386092521567354,0.197016540907108,0.123826210078938,0.301511745123219,0.362254553104963,0.0107461089050767,High
8,TCGA.AB.2853.03A,0.265250889218628,0.27347174939701,0.237513398092152,0.206265872067941,0.448595677482377,0.288779712957083,0.104594301713292,0.258501950947522,0.147486609899238,-0.0515344516588866,0.102013343499492,0.21513930616556,0.0602974794495613,0.104529799487402,0.230746752965629,0.131535064880971,0.194062392711919,0.130155184379458,0.391268922973549,0.0755456811471957,0.279877357273162,0.439798862339994,0.386602080080466,0.192375326867404,0.116051298896996,0.219038359378529,0.394162918149083,-0.125996026932024,High
9,TCGA.AB.2836.03A,0.339100778362712,0.393222915027453,0.32221948656997,0.229282563166223,0.536922314918087,0.300433892693993,0.217178733864913,0.320433081603093,0.200276648143254,0.00656601187734378,0.0407464895490945,0.375575524511312,0.133122273689872,0.286362102239545,0.223359850184329,0.191294540138029,0.21981040644779,0.213576258938267,0.659438014840265,0.149660920384726,0.401840620276604,0.493198756854129,0.376882803878723,0.381609522564376,0.229980852139929,0.351992755716582,0.515539346173051,0.254041464238432,High
10,TCGA.AB.2995.03A,0.504504019495639,0.216924351115747,0.270831581212454,0.324097949681983,0.513749327984642,0.304456189153325,0.0766328766347861,0.267099567916332,0.192143447514842,-0.0411230128448022,0.101340498662158,0.085149857110049,0.151055020506936,0.149192235391565,0.277838762681332,0.153930533638732,0.209495647400982,0.13823896734882,0.41970998023445,0.127769282778469,0.203729312485436,0.444012927544581,0.328201666175888,0.0559003833092245,0.0774364411820791,0.130505689764042,0.346974842059768,-0.258451317734427,High
11,TCGA.AB.2863.03A,0.237868220478633,0.300828798378592,0.211543030001067,0.334259542684097,0.47131756797889,0.269550350974798,0.0666220181058897,0.270408058053709,0.118649826771323,-0.0361315091575818,0.124933180835269,0.202508475701577,0.0208172658438848,0.0829396930191799,0.255452971653748,0.1412150480835,0.190667949081771,0.239347438548705,0.392943085879235,0.0854193603377379,0.24142182975377,0.421226019794587,0.372872241842497,0.0854088930587971,0.0694016575893944,0.238263228903298,0.353425753795471,-0.0677951974974791,High
12,TCGA.AB.2825.03A,0.24078437386744,0.333838460103148,0.310101264782363,0.203858582400427,0.506567109166103,0.252108624777471,0.182268304996948,0.292892276009459,0.178450732639013,-0.0653912427980883,0.0535212653385174,0.329588093260989,0.0663558766391302,0.26445607671091,0.214296615475961,0.186382905697364,0.16608198438476,0.262263270533816,0.647212334649215,0.125720793063557,0.346643871320173,0.507500909509806,0.379194932030016,0.404357884953714,0.181245953441711,0.313665256997496,0.500676685149514,0.167279407475292,High
13,TCGA.AB.2983.03A,0.296735809410586,0.269144874442628,0.263336727678586,0.265877791403263,0.481049114297142,0.28744029275116,0.206010576083636,0.294917103074223,0.120403067185038,-0.0454433682050924,0.101215036553849,0.279441120301837,0.256482692109896,0.339492074057957,0.335225218075138,0.207570577138097,0.194377727811025,0.138701506283525,0.540880395000365,0.103929489109218,0.342071898371481,0.483377909756238,0.319139326907677,0.179383005797536,0.158609173989607,0.229307862921233,0.396751456079962,-0.116435237305181,High
14,TCGA.AB.2982.03B,0.492901659300541,0.241615281993581,0.269493194779867,0.2902457708054,0.523790326638047,0.202367217335035,0.092775004720713,0.276239197097796,0.181958792846295,0.0295290075273647,-0.00102150309278533,0.269808243768336,0.231605992062265,0.309721845876545,0.236649885514393,0.160573031522521,0.229788640654727,0.216037540349553,0.389665416115688,0.0853033513580231,0.243186667904468,0.413371730745426,0.35464444838828,0.0800557691793303,0.136399063577257,0.259988679400983,0.40623990668434,-0.0961475154106808,Low
15,TCGA.AB.2998.03A,0.315737230151965,0.305632353871578,0.241576519483667,0.252690425372659,0.492890842554315,0.172649086027975,0.0964302004557933,0.265074112811855,0.13502864820848,-0.0100710532213443,0.0293399921404248,0.260162934073948,0.0872380622850166,0.150031043790969,0.254234633749472,0.131257360179241,0.171050070362408,0.238571910682382,0.487326051673763,0.0703347737100012,0.231498513384658,0.432194185765478,0.353115518386308,0.178681770017111,0.126228225568913,0.299013081782237,0.443268294019358,-0.0121838736518655,High
16,TCGA.AB.2817.03A,0.29088912663902,0.342375520952096,0.299817611118635,0.184248371919248,0.497742920924463,0.234021586406881,0.222439075388926,0.328294544702402,0.154610542648284,-0.0383317332327439,0.150398190324016,0.330054453574293,0.237456190514157,0.319290080163127,0.257652897588941,0.205231611821464,0.210816977879293,0.164490813675965,0.569834186365221,0.120721181461608,0.285118294106593,0.457349654116382,0.35806195519563,0.244317318355608,0.15998036085421,0.305636283847974,0.465528646940236,-0.00256891957557063,High
17,TCGA.AB.2973.03A,0.380828643295016,0.323930764551426,0.36916151090326,0.245878480681131,0.538697928913355,0.305798042328979,0.225697715401993,0.320901506791532,0.184267864800181,0.0452581846794917,0.0488207918391329,0.456298307165656,0.221497785535347,0.393862579881029,0.12671851186934,0.225895130539816,0.18001594612646,0.236646233729715,0.677352703530219,0.182934954084292,0.385613496526065,0.480294039087091,0.349660378608345,0.430198554335156,0.270410013069379,0.318159348651142,0.51643836528586,0.292902720353601,Low
18,TCGA.AB.2900.03A,0.249639425980871,0.281676142341068,0.263295647598735,0.201821358456165,0.509711838494953,0.289581481296812,0.154603222429585,0.26654203644371,0.14681574430046,-0.0303113842784848,0.108462989100192,0.342848729626621,0.0726301274891012,0.196849076635808,0.242571548722828,0.188087105203227,0.213153008933454,0.201617401287103,0.565365919576724,0.121758784643936,0.356329739372927,0.495150207563156,0.345910946877505,0.334855879591232,0.146248182832042,0.31432435321696,0.451284543456122,0.0868812638284543,High
19,TCGA.AB.2877.03A,0.325554477348793,0.265546797757383,0.0866375893529336,0.252976663969782,0.522481618905709,0.176742864804028,0.10270553823186,0.245069618509699,0.0845303840968832,-0.0727572339455563,0.0210686716176546,0.0603709809306334,-0.00523330700854008,-0.00167521117430354,0.152797916166744,0.114333150181303,0.208605185043028,0.134107856067196,0.29072185926758,0.0796714657144806,0.208126486153813,0.399653161744563,0.316025583420142,0.0964983629264708,0.200953477736787,0.18710885634338,0.359387960390734,-0.207041153414923,Low
20,TCGA.AB.2875.03A,0.414611495511894,0.287526846426634,0.320774503997845,0.262446706537448,0.47628576795626,0.262159500845262,0.123296511432172,0.250775227147457,0.171941629238715,-0.119817740046389,0.130746534288555,0.301759863450797,0.183274987224009,0.204127320736587,0.255321142883891,0.101674547372453,0.200766565642734,0.13450608337008,0.46040363146379,0.072221153931358,0.225193797843618,0.422321428908345,0.320170161979239,0.112414794271666,0.169205529357355,0.206657148428685,0.386341595349574,-0.0726459256349534,High
21,TCGA.AB.2898.03A,0.319772401433972,0.271853826900029,0.195070887384196,0.234803662386086,0.51035250044531,0.223554701537123,0.117910382303477,0.295518763213128,0.160566642803984,0.0534392487229256,0.0164859008489029,0.18265292786664,0.0981002798809318,0.178499880068809,0.210609904102836,0.192157455755091,0.197211263030965,0.258601121562214,0.49733323661382,0.0663037368939305,0.346193229825734,0.496798235454024,0.36236008719422,0.244054197500895,0.0701949056828124,0.28342453626196,0.409194846248412,0.268862483341109,High
22,TCGA.AB.2913.03A,0.296632647934784,0.168684516625265,0.152221563048548,0.253802806610586,0.482828161283336,0.270938006170928,0.0323107385722726,0.249811244483402,0.126226066045585,-0.0723042732521267,0.103137241640375,0.187514656107597,0.0826984316291336,0.0563897588842037,0.290343208231869,0.13680042861602,0.212582374462432,0.148390560499831,0.274508729408586,0.0523294981990872,0.216395309140136,0.427055100442622,0.318571129818768,0.0812724236367546,0.107362012609808,0.217121378785756,0.351839496892229,-0.242783720623832,Low
23,TCGA.AB.2858.03A,0.369614278618351,0.310347174566359,0.273972989465239,0.27016363151521,0.466071132970624,0.284613390704029,0.0842512012427352,0.251000392716276,0.173567911648872,-0.101753667560822,0.076582474356474,0.317584883968208,0.150995302072368,0.123436502510821,0.260490240176233,0.0942263933730757,0.233795129643942,0.151558833898062,0.417858864329777,0.0512638143379715,0.220050352871427,0.436654162155545,0.309647338731268,0.0813661724431074,0.210315074191943,0.237400076388961,0.364393546181737,-0.0425867278812688,High
24,TCGA.AB.2986.03A,0.415884581812806,0.258485780287568,0.240833900689418,0.223883852106773,0.499837426878567,0.26405955941576,0.10237613511731,0.279946878736942,0.164428788070433,-0.0828309557467831,0.0638721808080514,0.20899845652978,0.0704872728553882,0.0814463040220777,0.253153273234708,0.1519522488803,0.243505232606511,0.156427346646306,0.448249711196181,0.0883870446938151,0.250696850051854,0.4742886042152,0.356085176082203,0.215092498076201,0.110735052289491,0.25440680908112,0.400281796812369,0.0334518978483305,High
25,TCGA.AB.2818.03A,0.290683255668779,0.321560932259958,0.228694616017692,0.212278035782313,0.522897190114008,0.265791432141491,0.196275421052842,0.32825625358312,0.177925791709932,0.0252964137296172,0.0676861275361445,0.352606478591986,0.172228485429895,0.282941757997795,0.22984051597473,0.213748753111183,0.209131094402343,0.169235120199178,0.604762215910849,0.12823039196127,0.367059363365894,0.504652556094517,0.39001631142544,0.414091765337699,0.258375352534467,0.362327634700509,0.458604388742402,0.476512732194364,High
26,TCGA.AB.2883.03A,0.246237778987812,0.282441578911791,0.21073545971505,0.187272650442285,0.448038620401295,0.26387075677539,0.113094890109799,0.246455555991032,0.118277050295998,0.0132828870182569,0.02354531223295,0.22037807304164,0.120512393895795,0.170478008001088,0.222518622753778,0.135368422496959,0.204747115491257,0.157053842100726,0.438950043990046,0.0740852370436041,0.258637005178589,0.435320282413626,0.312885870828024,0.198244257886081,0.134777689047853,0.199374819822675,0.425570404030876,-0.0749798819913181,Low
27,TCGA.AB.2919.03A,0.255651797846016,0.214419774669857,0.096852999886601,0.226691739978014,0.482851119538565,0.197217006113364,0.0618913032555289,0.226476158406811,0.0662053050598737,-0.080736382062348,-0.0114039040073244,0.0783291149304947,0.0368746774175417,-0.0090111809006641,0.191143935457914,0.112212728445917,0.194294247546487,0.14249888381333,0.215103511327478,0.0535654422862499,0.186467221474732,0.416490402143072,0.325653735160378,0.0571011914786874,0.0782714250184476,0.153126385386958,0.354964198134171,-0.212176212785581,Low
28,TCGA.AB.2963.03A,0.232319520070524,0.295467816471735,0.203664409805604,0.283593963980128,0.475359203778756,0.332490234386873,0.137490976883359,0.297156999914803,0.139395225156401,-0.0452935414857503,0.127789562218,0.338958644993001,0.0165434197600701,0.132525609228038,0.256291317740512,0.152392336684967,0.200355552649456,0.158626553564851,0.539301416305156,0.0736882140968848,0.336197794725625,0.45238460520458,0.368471009307887,0.327103637059078,0.162958323904843,0.304734494937497,0.42764555925536,0.206113316550172,High
29,TCGA.AB.2821.03A,0.369779176573406,0.247354677714599,0.271237042028127,0.260920863145912,0.5159235897958,0.249507569818271,0.172655744413523,0.269818037118955,0.15859836367652,-0.0131211329478955,0.0969472448854867,0.256685616605523,0.188392759230139,0.256643892359781,0.22189092490944,0.229083209283672,0.168145650038637,0.262840685789883,0.551046032284728,0.115426114805304,0.297628417133276,0.479715553696274,0.367689578425099,0.202855545646778,0.121890134377342,0.309876054387128,0.414882426025361,-0.021733597985545,High
30,TCGA.AB.2992.03A,0.355339223337927,0.338273064994922,0.29702270026673,0.312003285600082,0.521219597371172,0.277366576231008,0.215871499208706,0.320768599596246,0.18204529836014,0.041412148241231,0.0880671157129952,0.396877863722125,0.137312676362415,0.273288699099864,0.261401044580034,0.255555376144125,0.193011247849852,0.262969619248422,0.632998992289478,0.130425412081147,0.420258192304619,0.509928827143527,0.392568246969171,0.361526399988689,0.157216943578825,0.38538204408796,0.483842236282042,0.369106213467204,High
31,TCGA.AB.2872.03A,0.264287866593162,0.181411654743033,0.158325048332321,0.179235548432763,0.443128393009268,0.220860852995432,0.0963278449899323,0.250622370060988,0.128946647149512,0.0960391619150602,-0.0343733483418024,0.191625331188373,0.0889756303182968,0.158068507092051,0.185107224559887,0.0960488106252939,0.141735592711479,0.211818086384605,0.358700358125754,0.0578235745023753,0.242483447867597,0.431777272012436,0.348486313651513,0.0833554601468786,0.135891184115228,0.245039019841027,0.382155704393999,-0.121331003944702,Low
32,TCGA.AB.2888.03B,0.451971432024869,0.373320935964218,0.415659230461457,0.298282895658498,0.564241784332518,0.308637926979027,0.275467705645271,0.346120882700466,0.214132663360866,-0.0370590066407234,0.0655301265039424,0.449913088191925,0.179586185457798,0.368647066096373,0.219143303203057,0.217329174117289,0.208775740209165,0.260412167605483,0.695253454584717,0.19943251443057,0.339792117162166,0.48336200228041,0.381326485280749,0.352993228488673,0.318810673369887,0.301353502089095,0.552873270808838,0.310259843956375,High
33,TCGA.AB.2822.03A,0.272477744838969,0.20633003690574,0.212894098930885,0.230972229807164,0.446096732156603,0.27781518547433,0.0939169522947064,0.217298394304888,0.0904296351561544,-0.0889163579577622,0.107787449691913,0.0882478048888091,0.142430691208614,0.0979007257449993,0.183574459513135,0.156174958906738,0.188192209450985,0.160221732028647,0.280963473119809,0.0618736617879868,0.203553495028532,0.403876617638625,0.319778568704562,0.0305492785169183,0.109120152552613,0.147542759698307,0.351100684539253,-0.304746545415283,High
34,TCGA.AB.3011.03A,0.256647386258881,0.217228928803522,0.102194955041597,0.241311003762834,0.479924316417926,0.190849138987317,0.108181770253268,0.195341600573892,0.0808842761967413,-0.0192988441486288,0.00559743234976102,0.103276003662927,0.0950908563771375,0.119411192342345,0.167906008611813,0.108338542558953,0.192556057554373,0.124921809569289,0.340176459143039,0.0429269598508389,0.206352310619833,0.427062579750044,0.304233638783447,0.0624453488483953,0.155124594482406,0.176992469473536,0.359942546195316,-0.20137802580634,High
35,TCGA.AB.2988.03B,0.254167339809285,0.252331474835173,0.228078225191701,0.236142476043292,0.497956103241253,0.221486031035736,0.112650072040233,0.257995596928028,0.121982545606697,-0.11363842925635,0.132174498570865,0.192659297457425,0.146721598497128,0.147814426190121,0.219658518840772,0.140062224135047,0.201730441301459,0.177190765316596,0.43673960261104,0.0641091785089929,0.216182729816998,0.472374667870285,0.378261116471239,0.186793321595851,0.131619336264053,0.205528068511988,0.363103480982095,-0.148255664172523,High
36,TCGA.AB.2916.03A,0.405063623840081,0.372532375091814,0.368609531728652,0.265440377102546,0.542257431806149,0.305699459921018,0.272781962196661,0.347726552322864,0.219794555839892,-0.017142940376115,0.0983588523597121,0.438593087707573,0.144199347076056,0.352186888321918,0.241814188266808,0.236703118955448,0.19687747033322,0.233117717857009,0.673246521627458,0.174322878767287,0.36375874011036,0.505996644086893,0.366473053654664,0.362269735917102,0.272060120054916,0.317010472981373,0.534121570279434,0.410202132780445,High
37,TCGA.AB.2966.03A,0.350231257906849,0.178018099285603,0.249239337483815,0.267481723961903,0.457384020937767,0.27045989644518,0.0935236022495761,0.244887463290698,0.12950924856224,-0.0230844088975137,0.108093869235957,0.0879151510476608,0.167168000328987,0.195916523437699,0.201317336091868,0.158528173510255,0.195762438922428,0.133332730346392,0.325522734930914,0.0601242644260391,0.206231134502671,0.429342686172059,0.307641381524719,-0.0512593748887081,0.104662324255805,0.0863916534016621,0.346098138347912,-0.23161788078667,High
38,TCGA.AB.2806.03A,0.263235216455128,0.222051931178825,0.262101315551004,0.28117341315141,0.410654735051541,0.255903460719615,0.0480543396653751,0.241016248476162,0.136458947063841,-0.0772948752578788,0.150384505563743,0.227653944084119,0.105018694499856,0.107147262983183,0.260711159135811,0.10634723300064,0.165346372300062,0.111226446779685,0.315793787906,0.0360478984765106,0.200665138939386,0.366147444417297,0.345331043762733,0.00555246693499643,0.16716490122621,0.247957804753007,0.319940918886866,-0.0863512073164364,High
39,TCGA.AB.3009.03A,0.318093757928084,0.262045817445145,0.227625135016383,0.20591814100765,0.497384005481275,0.262920250469296,0.153676642158989,0.198216721715268,0.15010297823876,-0.103834093413645,0.100730782419985,0.191229831702519,0.155685930754922,0.170549655224161,0.218338313836998,0.187402069202811,0.160099997973842,0.153796138738263,0.373095423951851,0.0857208548059716,0.221909584386645,0.452811964520496,0.363309854898385,0.0186093434609739,0.144077742026992,0.17623502969143,0.352737789893258,-0.166247701658943,High
40,TCGA.AB.2859.03A,0.476950013266943,0.275112894524225,0.286560692625561,0.25003101482341,0.543425849864268,0.319004209179202,0.133191064517411,0.287729604847661,0.21642893475812,-0.0425668122671733,0.045868132223849,0.199079351060781,0.134747552646448,0.18970605624728,0.200616655602485,0.154588022054104,0.198628307124429,0.154883817669786,0.500340662205916,0.108970735840192,0.270015498057583,0.493171946885264,0.342566443838317,0.165765385739142,0.0886408141221189,0.236599539214499,0.41613553485341,-0.106306049549668,High
41,TCGA.AB.2933.03A,0.314504469702297,0.353716161510526,0.301689778163478,0.31328866520075,0.49778322260236,0.337865591746558,0.246651651766246,0.314974420910319,0.162657617292483,-0.0747705729323433,0.141215851777037,0.30403896609589,0.252399818192023,0.368516457956227,0.328869877040715,0.207905358402253,0.186006994919911,0.177505587585146,0.601312267390069,0.105793494456976,0.343367978686006,0.496645584848122,0.349728924264569,0.332429275581108,0.242164017523266,0.319873028741404,0.491464692510048,0.243496000604062,High
42,TCGA.AB.2959.03A,0.375797896454079,0.23626871900615,0.280324541217644,0.354360714895508,0.511215415313392,0.296788279977582,0.139339053530638,0.244780405706933,0.140526763488207,-0.0437828328888578,0.208531105195264,0.196868356043445,0.199596588437254,0.275901695272039,0.253934757851618,0.199621193697392,0.150284949832645,0.164498331022665,0.408844860128239,0.117366399720403,0.22683059326177,0.412086888678197,0.32027182469047,0.0427198030467252,0.190230275793918,0.183735037880504,0.347098875731622,-0.233609065315479,High
43,TCGA.AB.2929.03A,0.40570756562004,0.275176458116342,0.264949060027509,0.207180219491352,0.516346986554651,0.299900597376832,0.139038574748423,0.263322602049825,0.157543124765511,-0.0418827901863552,0.12637735853014,0.276098976716047,0.14002917848525,0.216421685589983,0.222003866889915,0.202788902392807,0.198039444288585,0.193956923926848,0.523623399872759,0.119192834534273,0.297598361006502,0.452219637047021,0.30922460194463,0.183645293930408,0.0398918169019873,0.163686995853582,0.398686303115943,0.0281627482585586,High
44,TCGA.AB.3001.03A,0.474669594347234,0.293675565177969,0.238975772724283,0.206585156507008,0.506476614625057,0.21739105331284,0.104575753538264,0.241232216658819,0.158213787712826,0.0584721039623064,0.0089364704614894,0.214709906249514,0.0971135913120872,0.235730667464969,0.235208784401176,0.140443446867255,0.220461357027417,0.173118782483409,0.493007217993866,0.108955076646092,0.272508475032661,0.433074933300106,0.33436727422012,0.0901649308735614,0.142576509209868,0.36731234192992,0.444667720363646,0.0061947114159824,High
45,TCGA.AB.2981.03B,0.290212000129457,0.384189381605537,0.408608404924948,0.204641041756407,0.539234878571884,0.285405939755993,0.267129261337783,0.353856795594375,0.190537767966409,0.0513077743823832,0.0427540767281314,0.432817577941944,0.109260736454535,0.311541335021868,0.203591830219371,0.216674307904216,0.20530283508809,0.293649674559684,0.678188330000198,0.156352826421424,0.423909684341689,0.491487596582563,0.388165412447992,0.444062225583185,0.286930674067088,0.371965140403264,0.539167671975034,0.296764897920949,Low
46,TCGA.AB.2999.03B,0.462879413183059,0.257058786148408,0.22252946213649,0.247981874516797,0.5145880495693,0.217797449241718,0.0590942722414491,0.254542008127798,0.151512472652363,0.0402676634834107,-0.0365339701240708,0.2270970804047,0.0915052625674289,0.214294284440583,0.24839890375176,0.11717787222123,0.236170644355123,0.169864376413411,0.445964954522718,0.0772158893236502,0.224150927340913,0.419626485250849,0.34807456813553,0.139259501628274,0.160079041322023,0.309372273350708,0.398593394194992,-0.0460006618444745,Low
47,TCGA.AB.2885.03A,0.372410117463706,0.227005169083126,0.263761564302988,0.23165308640717,0.489299887672442,0.292027217615622,0.105240378333611,0.221080971832659,0.146442698460011,-0.116007427348583,0.0836043774607109,0.132852090084674,0.145215328828859,0.112109029780402,0.254356610455329,0.133531816884407,0.210124131193715,0.14457056142678,0.408626915924137,0.112412212858758,0.218120606306743,0.462018306937855,0.351871474866583,0.141768301155314,0.0438903236355453,0.206939711536861,0.364725978639297,-0.139986101791276,High
48,TCGA.AB.2911.03A,0.334012829551036,0.357545068994695,0.333072723408481,0.231908318666692,0.521399033846502,0.327879584960914,0.240880707649038,0.295847649351064,0.176560126833373,0.0193304247824762,0.0497814996396902,0.341727601883349,0.186128420840337,0.322841232967925,0.314529165091127,0.182555595486817,0.221612222193832,0.227583124086862,0.632378604470874,0.145013468122885,0.379122508732919,0.519709486587902,0.313052002591179,0.402334522328042,0.188137873419209,0.346323476824443,0.525530850164491,0.232477540026637,Low
49,TCGA.AB.2886.03A,0.339894069283883,0.252180505333032,0.299280285309769,0.244338977853032,0.445711581958723,0.247693484320693,0.0621690892181594,0.227475349863746,0.158085223686208,-0.0970264086288943,0.0931962758426915,0.273147392622556,0.184946498097159,0.137650477683339,0.259349138828622,0.0766429678367307,0.186592166519315,0.133463874135312,0.365677811572564,0.0419781451269909,0.186588196204058,0.385535576920817,0.327753348384618,0.049858041869695,0.126393863624002,0.135693841317982,0.343751654260522,-0.117307218017987,High
50,TCGA.AB.3008.03A,0.337237435232145,0.236537986721234,0.230536074923841,0.30981038412156,0.425615566598126,0.257422156389703,0.154343676678943,0.272553531767828,0.143717131457,-0.029004918725209,0.0864757346245682,0.187275855239109,0.176529461366648,0.209667749223062,0.246213345486197,0.153847652685666,0.187758224071602,0.168692256401419,0.416492132331112,0.0662219723675864,0.251530936518663,0.418040619926721,0.257740780497394,0.0836759373005936,0.0833260481153405,0.123194924286453,0.332459486161108,-0.181456052443979,High
51,TCGA.AB.2976.03A,0.265798034502842,0.225104427357126,0.189419501732515,0.258554173337957,0.470072745540816,0.30385111188088,0.0753053301580856,0.247152085903787,0.118954998156079,-0.107326546443873,0.126758778683518,0.167255065352583,0.0871500834391619,0.0944576045841055,0.276191903279897,0.136432131174441,0.22675881200832,0.157090113064279,0.389828217612681,0.0470169741621179,0.237451632145077,0.473720359986286,0.365204233165894,0.181003824383359,0.151657817566361,0.265818959994815,0.391493998610614,-0.114041092011844,High
52,TCGA.AB.2815.03A,0.183772621164403,0.384623070515517,0.324979527188948,0.280124582962356,0.473391689087988,0.317239847854967,0.233735531060886,0.315012209403332,0.167620500930722,-0.0857564488820953,0.149802912625609,0.415566986803203,0.130422798382036,0.310650316131041,0.267630808361986,0.209704956508059,0.17761749221926,0.15696828147543,0.64141742852103,0.13516317842699,0.334606988369129,0.477619979084655,0.375982856550031,0.342709114402412,0.244852963810685,0.341513566628994,0.507401515934742,0.124097663621645,High
53,TCGA.AB.2914.03A,0.295519196444327,0.327928430065616,0.287591775860294,0.330266030732892,0.446684618694833,0.265606636485759,0.182728396300652,0.29625922192471,0.141808359090771,-0.102645076901851,0.161996045246073,0.332509532965383,0.167799653358312,0.3012407051232,0.245246688302252,0.1716675003039,0.175194158936108,0.144907002531787,0.549990719578943,0.128826801480328,0.241799684444549,0.403188470625848,0.350288306870323,0.160441340038747,0.238763790437997,0.388083670631211,0.436186464015953,0.031843494996638,High
54,TCGA.AB.2839.03A,0.265531871745951,0.259595742470393,0.193637232108602,0.224164777011857,0.492674341369926,0.28531509558913,0.085152772366649,0.246976052119629,0.125973191263823,-0.056115501533991,0.111232352492192,0.192029851614573,0.0353750097903037,0.0678779373360346,0.287137904004034,0.1367996470488,0.217348579630316,0.102588176107385,0.383792619661788,0.0790774287999787,0.223624168155747,0.409250249645648,0.324441037545763,0.139426169274293,0.155929341908903,0.307884684167605,0.354332295759661,-0.155130404934827,High
55,TCGA.AB.2881.03A,0.410763634676767,0.3529315472164,0.320504111195119,0.267882085479748,0.526055388569594,0.247265453911864,0.216120010324323,0.287334702885781,0.191063025341323,-0.0899258613463433,0.0858170434056425,0.380769484036281,0.215795302752261,0.335447057517477,0.202673806906126,0.191521652286219,0.202644636753013,0.200202231160311,0.612325952607179,0.130062536107771,0.290577535521484,0.458682414531334,0.357726315953491,0.235801396081433,0.17181952274094,0.320388069195578,0.473162940937367,0.0502955179763538,High
56,TCGA.AB.2813.03A,0.316352760465649,0.390745608847633,0.289149235196933,0.279841138871469,0.52419678218599,0.284954595229967,0.227355614241593,0.319746934244793,0.162772876967821,-0.011988958932836,0.0609960357966169,0.38886572926803,0.131460970368555,0.271658047965999,0.250813976133521,0.217746507324621,0.155728605674835,0.235112758190941,0.639858411814755,0.149455896406471,0.336980552833378,0.504753201336511,0.382470021481279,0.369712390615455,0.224073005194787,0.334478236268583,0.502481375013079,0.342981955036395,High
57,TCGA.AB.2928.03A,0.219287435779274,0.243625183961725,0.236423604313082,0.168239182410614,0.478352581530178,0.183284525602693,0.0506091060266575,0.215285852267327,0.0925278295268832,-0.114104756124878,0.0491157612346918,0.0691084688675035,0.0412503141708833,0.0531184584355971,0.20209493984095,0.155502134672876,0.146277938485332,0.113469426728729,0.284569664646297,0.0661597923895521,0.203308609016235,0.406906386048351,0.373027755352324,0.00681681046236818,0.0344192229691817,0.175498421156352,0.407862876664497,-0.296099247345283,High
58,TCGA.AB.2811.03B,0.330542348583614,0.315015541533213,0.261010265810997,0.167032342313113,0.505444096751023,0.252450182804365,0.153532201571828,0.263854403810566,0.164644568286738,-0.00197267357358451,-0.00261955415245588,0.322900150458235,0.0841923068679054,0.207255078573588,0.146888206195871,0.161889300049495,0.246141993949778,0.268772667353822,0.572579116883351,0.111448450630014,0.36336532795284,0.478624951180124,0.326323545497942,0.227145422091637,0.159534360127387,0.283501721421865,0.525934091979552,0.102424205613024,Low
59,TCGA.AB.3007.03A,0.415305637570252,0.255095538164593,0.196281819511689,0.229087872900838,0.465248156388126,0.166075646135026,0.0410825142499817,0.256417501319026,0.116077318140174,0.0180325383804236,-0.0315573885526145,0.227901089077949,0.0767346134228838,0.131089756847518,0.227418461053261,0.0650047849719672,0.205169698656726,0.16429008922254,0.360571528494613,0.0832891329403809,0.212272662693251,0.395107546236177,0.343265274659643,0.0855750249954991,0.0837831403753646,0.2756515485697,0.418277820729908,-0.156607984598098,Low
60,TCGA.AB.3002.03A,0.331220884783272,0.297507914880607,0.261229347554909,0.297646438550633,0.508644390463911,0.241037186896808,0.202164795110484,0.289320622225041,0.11542631919464,0.0227233364468021,0.157211808076783,0.269384547584786,0.160256767329787,0.331529344483812,0.285622500916055,0.192908483111313,0.169924067607496,0.198522945090072,0.508600757204189,0.109872731507784,0.31528729533886,0.457433371489732,0.307793519348327,0.0927476152620197,0.22761890365853,0.274864904636989,0.43192036362833,-0.0514563108813178,High
61,TCGA.AB.2924.03A,0.263732740248187,0.321608523608988,0.277907869043388,0.195520552179157,0.530369351741448,0.330060491407042,0.178883020611529,0.28765868378456,0.17849596967219,-0.00175780222103934,0.043776873090386,0.363374153242604,0.0636651735213024,0.260628847863573,0.23299698113342,0.181848252328035,0.193536448803169,0.179310488891221,0.580585664789106,0.113470806589805,0.336977043917769,0.465159983871239,0.349016738704234,0.330890781224105,0.215657491472749,0.273739251679597,0.467271323452968,0.198360465817152,High
62,TCGA.AB.2970.03A,0.287843614831651,0.302548622123193,0.318455527871609,0.276196251663545,0.507348419988219,0.349417740489119,0.252740231411049,0.293375334090121,0.15825570431011,-0.0530519692869687,0.150914502167817,0.280169620378395,0.179320686565246,0.372204637127003,0.352888516912465,0.199917153770986,0.219678023925115,0.161089972870937,0.551563940346334,0.12411211133727,0.32421129498172,0.526299526875653,0.331950563728096,0.271681654794486,0.226245019727984,0.202889343817619,0.468485082441986,-0.0768260725591697,High
63,TCGA.AB.3000.03A,0.286062299816774,0.275724340566202,0.310620400075985,0.220072842245074,0.482088599080856,0.270782429056251,0.172762410643069,0.292489662895067,0.153372272519353,-0.0138477855700343,0.102828781631741,0.299152191162581,0.156412076936978,0.246447687344822,0.285516845808362,0.159472130132393,0.185866905783591,0.145366172262301,0.52052020182263,0.0696903288485644,0.239315151124332,0.467846783205503,0.313677715860114,0.154230431927688,0.142420448691528,0.281427006704447,0.417274891283461,-0.0379981468900029,High
64,TCGA.AB.2840.03A,0.334562027613805,0.276270589258809,0.222361826736734,0.334665671801224,0.470653937272517,0.199325867617979,0.0770053932697097,0.230127036378657,0.120932176620789,-0.0134475630571743,0.0460501066062173,0.189706791742623,0.134982119488464,0.232262554557897,0.249202416720954,0.144223381978147,0.183265987245499,0.179641392398843,0.469263124817905,0.0690753995120705,0.253944484917709,0.406619042621157,0.331118002145744,0.0839112479950394,0.128709020034077,0.258114872207238,0.405185348046891,-0.0503748785964868,Low
65,TCGA.AB.2876.03A,0.303385516983446,0.258398522673383,0.282241626209865,0.310394054136074,0.459833728896315,0.264271052975345,0.142573151578187,0.248650402026437,0.173488800326469,-0.000314992388661896,0.110043395057167,0.212948238755735,0.136070461455645,0.272828501776977,0.296029333174389,0.156610346911049,0.228361932729506,0.135674440229405,0.441809069460829,0.067603333095656,0.255292097542109,0.439741505355315,0.36306459276529,0.159133948280005,0.266664175026441,0.312773163656068,0.350979516880661,-0.0440134352259007,High
66,TCGA.AB.2857.03A,0.489548352671297,0.274916710220256,0.296763887437058,0.420296096297625,0.516093905327472,0.320234432867319,0.165649361167715,0.302764333643495,0.181877961423821,0.00330980525916104,0.119488613434917,0.26345852175299,0.293460990520248,0.412701474622316,0.302351415635483,0.188478518962811,0.259897652316329,0.178755995215514,0.563945321756656,0.14943389599172,0.325369967217979,0.477047551399144,0.335116889889754,0.193114082257614,0.16390003984812,0.354171800013504,0.379324499309298,0.0875288295239094,High
67,TCGA.AB.2847.03A,0.477622370502704,0.288679054756466,0.248993329912575,0.318551639644569,0.527723818556218,0.213788855474018,0.138867042143844,0.277471552950134,0.18789536229237,0.00496843723751119,0.0462183710438876,0.204166778965206,0.136381233174876,0.177767169499832,0.295997677190996,0.16627840124926,0.249600644916422,0.211863967603873,0.494505906067322,0.128272789856183,0.288562610003629,0.489310833975528,0.366783486946366,0.149982597606243,0.111181918964552,0.251063027822095,0.409221525413134,-0.15865440584556,High
68,TCGA.AB.2937.03A,0.32916027890152,0.288808265003137,0.271694844249837,0.16871651875795,0.445967400442816,0.23691697672122,0.119288915335136,0.240026226556127,0.148461173526364,-0.0761734643472157,0.120437726926922,0.170510663210883,0.154354973509002,0.114303669118143,0.238278009265056,0.124511488901957,0.228131659458376,0.112179164441045,0.398500017671048,0.0349258247376735,0.231192619394068,0.476529865815263,0.273963532119316,0.0767648530742954,0.108488807895298,0.0718277409253561,0.422174171373647,-0.138562036900101,High
69,TCGA.AB.2955.03A,0.33164259808578,0.180496693149695,0.292031190602302,0.256545970607208,0.436574738749449,0.232937099607495,0.118391255230926,0.242145015083926,0.159356100934124,-0.0366304674134861,0.0766571051798712,0.122829741453946,0.075625033174871,0.225541552209545,0.25390215176096,0.140802205392208,0.157593118607742,0.0938295079395084,0.350421137206885,0.080365450777289,0.210698718446466,0.422258258333182,0.280303302021798,0.0307200684467604,0.194511333576613,0.181387270384418,0.338991889663646,-0.218710677846946,High
70,TCGA.AB.2826.03A,0.26846418245602,0.339368067304828,0.297059291101779,0.301072308749299,0.52244221273417,0.286141149500641,0.231745385788453,0.325618443043813,0.139251069334426,-0.0196526622422768,0.107401976679957,0.356930881378329,0.0422748671281821,0.262596509589492,0.187340194987616,0.208456854037646,0.209900503043537,0.158648833770432,0.633433801219348,0.16119510062172,0.378788350098048,0.488487464212263,0.381421312504821,0.41488357509618,0.301105736624546,0.387207242013871,0.490518501313542,0.335951207348577,High
71,TCGA.AB.2846.03A,0.261650464248416,0.378467118430128,0.28794992716301,0.260222377086459,0.483647658131381,0.231213714042319,0.225179897275063,0.320741119198955,0.160851834845084,-0.0761170183715681,0.0769442002615847,0.38439013378238,0.145162238938238,0.272248873591864,0.280935184987823,0.189924957549399,0.188947855152816,0.190582815409619,0.631769127767928,0.123891507515273,0.308025298351727,0.468404259232166,0.377746256024694,0.265007009331961,0.227899585394184,0.365028681907286,0.489773175664967,0.133029655110757,High
72,TCGA.AB.2996.03A,0.325958463113448,0.341469934869008,0.302784031201546,0.290928283029212,0.494197400523241,0.322135239939162,0.189056452600063,0.306287227433534,0.155762814660082,-0.0128423562671413,0.107431581841308,0.353673429620525,0.142398331861645,0.217387776223534,0.314854448268458,0.204903023916096,0.232295036596228,0.213930896655103,0.56280234285345,0.130894066968422,0.291568420818964,0.454620789334873,0.353262594650644,0.241645817963482,0.140484477577421,0.327474861820671,0.434253090297996,0.00703206816237939,High
73,TCGA.AB.2808.03A,0.27232002830901,0.309945906419366,0.265453700458683,0.298993034627989,0.475473188879977,0.360387452793602,0.196804526120628,0.290444363591304,0.157321445620341,0.00242532927560327,0.164183105140656,0.32318635618468,0.0604504533567522,0.203098838742151,0.271038165407501,0.166911724636353,0.214597859267926,0.129926928097603,0.533042079106056,0.0895948155078422,0.335698825423561,0.502879832591884,0.372226152556421,0.236670979478636,0.206909972345463,0.387680282070839,0.399833422592192,0.279865148372142,High
74,TCGA.AB.2952.03B,0.431733838667126,0.325142969603281,0.340506453740441,0.270682741883249,0.532977986366724,0.272127196329543,0.243066321894823,0.297827466275569,0.178457191341425,0.010010787250398,0.0515876528294829,0.366264983536178,0.228268533618345,0.332936378197046,0.275097108198446,0.213102352753626,0.252879232430404,0.200206765980996,0.635637698771932,0.135511021109053,0.336379878434844,0.487631236558082,0.364297517518328,0.299323659595289,0.115069555867807,0.36862202585056,0.533160951551647,0.114846452167214,High
75,TCGA.AB.2894.03A,0.376500496801733,0.281333180268962,0.267858907109552,0.284899402880093,0.461835590151906,0.188472131430906,0.0746092172267557,0.279917133354912,0.117065648361269,-0.0432025621369068,0.0668948716049789,0.0856239275569335,0.13032807257291,0.152619815675695,0.150354661073232,0.17605617893162,0.174381426375474,0.155868682121551,0.406439251624433,0.101280977795573,0.281857655074128,0.412576686463227,0.342226373862046,0.171787029435855,0.227194598699297,0.254394040284476,0.402128099363355,-0.164401723516868,Low
76,TCGA.AB.2980.03A,0.375719446786463,0.260122298009072,0.14008507546198,0.362735959086438,0.45984476113584,0.2682679634838,0.0599206456055016,0.258366705721844,0.119987936565517,-0.00740046665957954,0.0748740286673573,0.241701382060438,0.00503533807385663,0.0907125359360382,0.258639232760275,0.134209169969069,0.228197126239734,0.171455908566041,0.30007838979691,0.0822465640394746,0.219599286732183,0.393053970819033,0.351667986882907,0.049986488266849,0.0704994712037728,0.217779631661828,0.389497906824252,-0.210727003170877,High
77,TCGA.AB.2939.03A,0.270245649559258,0.282046700376697,0.208791131932107,0.184949750264443,0.503055916884912,0.257132900488177,0.171174915318263,0.279824384956804,0.13642572095376,-0.0125747477050669,0.136010705147302,0.208536520712603,0.12006005055144,0.155601224620916,0.259696469987294,0.158080951023808,0.208307862149902,0.15076703094629,0.47513604750244,0.0547662874573707,0.256519094399264,0.464065120264574,0.348639430305082,0.158025611365209,0.230643342559075,0.268695018601111,0.370368515641888,-0.0656875956251133,High
78,TCGA.AB.2899.03A,0.384587117589694,0.307627208030538,0.296767836559507,0.282413688321931,0.529964618863354,0.274861427817439,0.221897487031854,0.297568916806393,0.142830517012479,-0.0529061654096126,0.109435515412178,0.385815566986704,0.284876550182735,0.424025655656507,0.288022596051502,0.23837465173959,0.161621177082295,0.221366696437218,0.58649264007824,0.144724471862455,0.33576653136167,0.460328499600687,0.335406700257203,0.268725653099772,0.160741509169762,0.257149710565652,0.443668969455192,0.066718696494045,High
79,TCGA.AB.2895.03A,0.20530400978055,0.238526954085395,0.183875544101639,0.117840040184874,0.478671205054885,0.209897607444893,0.0665921878980813,0.223850808454835,0.128973859564398,-0.0909262249655794,0.0232575509411068,0.120396584117569,0.0342403989080597,0.00199537467386111,0.177821746710135,0.121216820868761,0.192275884755589,0.138204312221678,0.276664397298432,0.0650982007428997,0.17571044254634,0.459969330390516,0.343783395944745,0.0972998103040416,0.0407969231383462,0.138145603078315,0.419568333496511,-0.243738573925123,High
80,TCGA.AB.2889.03A,0.279691072531341,0.370905421369096,0.292175522438213,0.219182330167655,0.47419133628369,0.274502050781385,0.232862630189817,0.312019869708866,0.158802401463878,-0.111764011166069,0.0990379782054828,0.382796465061728,0.0950858613837371,0.250483840770734,0.264729178329871,0.199426009621517,0.222456295864065,0.174447981435657,0.591875216500305,0.11336703490413,0.264859547708002,0.47324159182422,0.38314308150824,0.260810414407785,0.185465839153151,0.327155549199022,0.480816590775149,0.0636608350007603,High
81,TCGA.AB.2949.03B,0.270107350262659,0.275037243029031,0.246384880718112,0.249576676224899,0.520985878267954,0.310398262645652,0.184033335754968,0.256604406308579,0.162768608138622,-0.0802166848992743,0.0846605104157232,0.240597089668286,0.086464130064606,0.153525418177775,0.269256182156402,0.187937879485534,0.182480348445274,0.216905003742388,0.475113635008873,0.087441782030417,0.248321789697611,0.476699214439228,0.380141428570848,0.173360399915904,0.152780537913893,0.228121530941531,0.4102868821735,-0.0396550823223363,High
82,TCGA.AB.2810.03A,0.345875874290847,0.291964323525297,0.148965068062408,0.170699395355699,0.501629071451429,0.226939904785557,0.126059309328265,0.255064120413529,0.0961963256020565,-0.00165459919742563,-0.001113547039424,0.146949223899197,-0.0115503583588565,0.0741922880209837,0.172605401580494,0.143354312824226,0.225615459908846,0.156743126063783,0.456041249458698,0.0949319298823258,0.257046300912697,0.470941843276385,0.346180577148377,0.194958634515272,0.167321419783062,0.312954352879483,0.383013472584189,0.123128780013227,Low
83,TCGA.AB.2938.03A,0.444071591063946,0.326264325808517,0.272189601767491,0.356535543964005,0.470928079109486,0.300823710148124,0.146035226601756,0.322513179958644,0.177936406161626,-0.0490423598819324,0.140175908414962,0.266719763159176,0.102374577233268,0.179712470243008,0.221680632757968,0.176695540579958,0.277468441131671,0.161972734418938,0.526431655896182,0.159336333046228,0.268430061450749,0.419658337357195,0.295936434748593,0.190775653024204,0.0957966360467602,0.270088100774276,0.420625033752254,-0.0961406914832518,High
84,TCGA.AB.2942.03A,0.319908966154062,0.350718077743184,0.278719377869589,0.29457139740428,0.497809476328908,0.267170858137528,0.215971727897777,0.281880671125898,0.166511695686259,-0.12879010401491,0.118875548957532,0.369762710481627,0.15797475146191,0.302274799730738,0.251102747492483,0.176230745553057,0.216511721900081,0.168870579576529,0.595670993771688,0.101170955372676,0.277322510003436,0.458918408618834,0.345383397577548,0.24499344324092,0.204528678354192,0.322661260669547,0.47889877270178,0.0196593571714577,High
85,TCGA.AB.2856.03A,0.361773073901808,0.298841304357878,0.277237800429321,0.201200413437621,0.516420908009293,0.244085116710405,0.194657270452771,0.284032163638268,0.182204277897419,-0.0501382392217633,0.041064881185349,0.328766282429074,0.118626758112068,0.231140397408448,0.22024017150684,0.198600678713409,0.208341637349945,0.252933927679036,0.602041592190268,0.134207241418903,0.304174020458674,0.482513015660276,0.376469432023286,0.27361459072442,0.152027122944357,0.274405762267285,0.493649512444129,0.0707139492376563,Low
86,TCGA.AB.2874.03A,0.251518347127924,0.259788052417767,0.302642141796967,0.244556756493971,0.468072545738386,0.234591884606046,0.120512500058479,0.283836006212548,0.158213805779188,-0.00894170692594746,0.0973801321832081,0.263027017471866,0.0566923222882842,0.15652768325432,0.225733167092959,0.136486814922445,0.193113057015716,0.169420873043741,0.462961406297961,0.0925191344710578,0.274937610459825,0.456556270602805,0.395493157840582,0.153283383514365,0.1698669058219,0.300248554707297,0.370908045581784,-0.0584653961995603,High
87,TCGA.AB.2841.03B,0.418342063367161,0.270744209832029,0.244788085150988,0.13977739229888,0.509606902219947,0.174539038958663,0.0717709257380364,0.252852013476921,0.157310072259,0.0413542254193947,-0.0396530620648387,0.24591669947907,-0.0081459200967859,0.174486729693679,0.205583727498833,0.122226238432037,0.245967370958672,0.200846874153697,0.447943097090728,0.0939008627331815,0.254509828514477,0.436108961042313,0.382231823457571,0.154260058301582,0.0660303514141179,0.282317270874177,0.449662206428184,0.0231887456485921,Low
88,TCGA.AB.2948.03A,0.280178337300489,0.329007728153083,0.306394603759922,0.264524396411564,0.525311858507323,0.30956027245697,0.214562334181966,0.330320536738235,0.184904765790153,0.0236753921162641,0.0560824008555861,0.364010167188392,0.0936675599623273,0.292849512824683,0.276836820720065,0.221599533354204,0.197887365109645,0.219390377737713,0.617067152994705,0.140685137959488,0.371887043821451,0.489275328766509,0.371259204141833,0.362567402420363,0.1796030507269,0.291892870937776,0.545745677326283,0.322512217505456,High
89,TCGA.AB.2805.03A,0.259899464121318,0.34264198552274,0.360594256672932,0.236093276313571,0.541855872894118,0.339575065899125,0.21873547662494,0.332776039843708,0.149361778452094,-0.0642981172861607,0.103566893698757,0.380761509358523,0.133624767821596,0.290057530023432,0.299003389522619,0.224022005204971,0.157390136916401,0.202893927768431,0.622042503398267,0.149200204095647,0.325815693008974,0.437838232884684,0.360368144375077,0.282276916502421,0.218634819809747,0.250858520226633,0.511864555987447,0.0572172896181968,High
90,TCGA.AB.2835.03A,0.228674038990238,0.330787799467221,0.230799806128912,0.218658389792807,0.529634188044682,0.270689434015293,0.191130467779702,0.287724383728054,0.164568179545164,-0.0241851927325516,0.112379452546142,0.354800276544027,0.100118658410911,0.243502032908093,0.228603476915906,0.203997616212603,0.174705908527939,0.226430416594661,0.6078270441986,0.123004958809552,0.370306074567481,0.500643315112348,0.362464060473889,0.366744481180736,0.209284063471915,0.271369568042403,0.491273182823606,0.178960730518698,High
91,TCGA.AB.2884.03A,0.339467718336509,0.288794590228847,0.295205879947634,0.257171285449242,0.519821460447193,0.287896178758769,0.177675334516943,0.290307697557154,0.177280076341276,-0.0474962009847143,0.0616674993937351,0.311821277165355,0.154561660265977,0.284728070697436,0.251632965154268,0.187603010980821,0.19825251301879,0.246510880120238,0.651176234899055,0.126222244891988,0.3551754105317,0.495396613251018,0.364390271295198,0.350642822391958,0.190938674855849,0.346106202918696,0.488920345038377,0.06770452651834,High
92,TCGA.AB.2950.03A,0.294931560197344,0.213206213935637,0.289114906165736,0.264829109160466,0.427031931475957,0.221273198488542,0.0566370347725575,0.216405077841663,0.127022842660933,-0.0745014188574442,0.150250287939368,0.268394714596912,0.119337898069209,0.107463067981095,0.25726920009718,0.0935355914321576,0.169427857663989,0.121052024160897,0.338881181267578,0.0458467305088023,0.166902904831497,0.367231336449402,0.292874810132024,0.0313971372045729,0.110185684272836,0.19485739741255,0.371110703352316,-0.191913525585178,High
93,TCGA.AB.2865.03A,0.336799175750352,0.390714608055155,0.349860619610058,0.171013969195059,0.509399297352916,0.329850055522461,0.242911596375887,0.303991080022954,0.179635329422879,0.0124490705578132,0.093070434051707,0.3689025788538,0.108026538532201,0.257138650778078,0.229295814722622,0.23850664525695,0.183894328540208,0.16731100729397,0.609437333561311,0.132948517258672,0.36257808477344,0.459631216509617,0.381721043687195,0.257800069807098,0.13461209267993,0.314815338860344,0.500841022246207,0.0998148393310489,High
94,TCGA.AB.2845.03B,0.363339537122662,0.265748082657992,0.326512403239045,0.2886387870563,0.479826994732725,0.271542061009443,0.212338555808057,0.300740788943137,0.150833654975816,-0.0688524712051889,0.0885927505474695,0.322291640248451,0.192808375878076,0.322684244225664,0.300167553144315,0.161172945905609,0.210999995353846,0.155624995817307,0.525040820537219,0.0788481131655342,0.282750543342744,0.480481572081397,0.320586744264867,0.141672461463703,0.209960863597062,0.288031146162924,0.406078504465567,-0.0907423970184246,High
95,TCGA.AB.2991.03A,0.390425897016219,0.269335172034571,0.232857341721694,0.214227776816949,0.488815211275249,0.213431695908027,0.106503698992254,0.228349853656876,0.172891347169388,0.0418281205092616,-0.0126356323199336,0.236803628889932,0.089817292249288,0.209962202187316,0.216342693258621,0.141300144699663,0.198098225310927,0.196122622382414,0.429213424898977,0.104573655416499,0.253439741381448,0.442281271018976,0.371904901706159,0.132631905491588,0.13356160630635,0.320424871848045,0.420016316452273,-0.0839036639484355,Low
96,TCGA.AB.2870.03A,0.331832796275001,0.394750786252841,0.346908597603736,0.272438972443874,0.500767046236558,0.29612996885299,0.252992620757815,0.31115430051907,0.166279976495749,-0.0982464384219842,0.10168836891869,0.423541002212539,0.167436951973983,0.353404682234975,0.278622238390032,0.199110994467721,0.206651915710452,0.196594086660468,0.662820846425427,0.126549953822002,0.308748338682468,0.497603195246672,0.367148275776658,0.289914011788482,0.225014195024563,0.338908561005996,0.507713092454921,0.0815569908734975,High
97,TCGA.AB.2912.03A,0.235263609283578,0.309726534672704,0.265727143242439,0.363194363913041,0.495749771656355,0.309979052570101,0.197669959828157,0.288531313070909,0.121216159023603,-0.0561924244418074,0.208329968394563,0.384161554648661,0.115056554549094,0.239158707298653,0.315322096893998,0.212614243159067,0.160414566951565,0.153777771709993,0.565590010278084,0.123142957080032,0.299036476160474,0.465277551524684,0.325291538891057,0.244866875545594,0.20948587686283,0.202063570967169,0.415382018136619,-0.0120203685425162,High
98,TCGA.AB.2987.03A,0.513822066181074,0.418357516115986,0.416604613002917,0.280856619319241,0.563120565593585,0.283299822344393,0.304476818485313,0.38681845259294,0.22815165238328,0.0134508130993815,0.0779044954305442,0.421579559479444,0.236275721465351,0.43138654242287,0.0790917161734941,0.296915190033843,0.222979427103244,0.267225060261702,0.693352891766388,0.260051464786029,0.396096124999699,0.502491309467587,0.36884881346003,0.431573723550904,0.281370414467241,0.338072823149994,0.534582444536178,0.236776672148343,High
99,TCGA.AB.2867.03A,0.474519030325017,0.302790785206943,0.298248220743384,0.366892249071766,0.504675414789146,0.303882970807869,0.192304992312269,0.257483511956042,0.208424539955979,0.00511655528669005,0.11428513763177,0.287639965952171,0.159103963790639,0.320274462090921,0.244126725325348,0.195188397719465,0.203852085926224,0.202203097696306,0.565728142949313,0.128698022969606,0.33043239047414,0.477944217662802,0.357487620593669,0.233864823294486,0.238832967441644,0.313435252909119,0.438323537616116,0.155534082786634,High
100,TCGA.AB.2814.03A,0.270766059483044,0.230684903809733,0.17062741130239,0.135391176107184,0.485966234523968,0.221995901332923,0.0743900362550227,0.19253186861997,0.154068746944607,-0.0566545751407289,0.0794301668162451,0.211291075746439,0.0762592418389285,0.154862933295827,0.155760687883054,0.117482277197567,0.162663352849186,0.142616080373676,0.384914277596103,0.0499484064577718,0.242166509219424,0.419128220639354,0.358159183328157,0.0850424696440771,0.154755561249035,0.0941487196328811,0.36855523898124,0.0282197107925517,High
101,TCGA.AB.2828.03A,0.21056760184597,0.36069859921811,0.307950894825894,0.261360577594427,0.481564757543459,0.317215776903561,0.245099482289888,0.293228645816756,0.166635500748483,-0.0902790548688726,0.138128360771348,0.41474890810112,0.0948401331747541,0.27454198466341,0.234956604234032,0.224210402200545,0.16777024163433,0.164046367719906,0.637311485988262,0.132254551429688,0.329663621962917,0.4731392860452,0.397805478156583,0.33664943893383,0.24956812068404,0.307145783013862,0.502240755782871,0.118949135151314,High
102,TCGA.AB.2956.03A,0.301927341445427,0.294144991806893,0.194941534376116,0.258352110809272,0.520133199027467,0.225031971056649,0.15775276962438,0.324091555452665,0.142778708400501,-0.0432335439987826,0.112880779895382,0.292015531299348,0.152379225564163,0.270129313491107,0.19936601869246,0.219068419994738,0.15824726012707,0.180270421695175,0.54286010598666,0.0850448376853421,0.264064864021113,0.429413306529073,0.384547314957522,0.34677349330897,0.117345753197263,0.249457451012899,0.482611457732526,0.0851107956945652,High
103,TCGA.AB.2936.03A,0.457025760196187,0.236952690532104,0.31891678337397,0.335332892660406,0.53401387337334,0.260409758621358,0.136159961517823,0.2675832361784,0.138786018048847,0.0289967665221301,0.129607949460864,0.165787382699081,0.259029199198766,0.341693068523299,0.238843516264695,0.210123184054478,0.190016538865338,0.158188139637274,0.515009775977277,0.113626352233015,0.256841888426973,0.416864181569001,0.306974533394432,0.119058913529056,0.0877881408627436,0.179668380230053,0.391795835429746,-0.0448763594804585,High
104,TCGA.AB.2901.03A,0.234944228879856,0.329208915282968,0.166538381777147,0.241767334509841,0.446758967572312,0.341698464054867,0.0730519100699077,0.255714353342001,0.110600245244112,-0.104687255607775,0.167457122806379,0.212551959991195,-0.0070630565990024,0.0653533452824983,0.168872323907065,0.13180437179375,0.244015129302929,0.155045180429494,0.457168827634196,0.0844099145683424,0.229904117453669,0.428906966434329,0.366585024190569,0.110442058574218,0.130304968738988,0.268202188766327,0.375051713212632,-0.0905158592776035,High
105,TCGA.AB.2869.03A,0.402880497783846,0.25011822241301,0.197233073014668,0.268138096085202,0.49329115568963,0.238387008135766,0.0939187288752674,0.287702234818604,0.160385553028995,-0.099521680947802,0.0768829329477873,0.174537744333343,0.120487977664479,0.120199157418063,0.234576778345505,0.129853074856857,0.246076924954917,0.148840053721636,0.388739244416269,0.0935351879471407,0.197270377226657,0.46570135812792,0.314376143457865,0.134520421433342,0.10431451558331,0.201894353406483,0.387773305775244,-0.219738690252806,High
106,TCGA.AB.2866.03A,0.398378746438811,0.338478457935498,0.315048382537566,0.220052501284803,0.536497409697733,0.271093367801791,0.221008285883172,0.303113897742038,0.169072639801697,-0.0620341806940259,0.00971255049298366,0.331205201001768,0.00488812931129886,0.211323640719758,0.203407035888215,0.222014881209844,0.171311428406596,0.228872581649157,0.620222196367643,0.156614791365958,0.296664251611747,0.446808235632154,0.350356644261338,0.293954995829699,0.148285586390837,0.23048396309597,0.450653951414515,0.110552295649763,High
107,TCGA.AB.2880.03A,0.288899984139919,0.306958556614592,0.310010464368795,0.226094495386249,0.471562313888982,0.285047681677857,0.207674531342647,0.260091572018748,0.16902239343617,-0.0666219476618872,0.0827776522846523,0.310651354555849,0.096451285779554,0.206470037705348,0.235163293532232,0.134661273626724,0.174444250256733,0.171527093591199,0.566788271111461,0.0879854474702912,0.312072391621485,0.445435479623433,0.357194481099817,0.172500751875788,0.184608728418447,0.27526421534227,0.447653262218724,-0.0155340920923171,High
108,TCGA.AB.2990.03B,0.412869947672572,0.258101988445481,0.162465626200633,0.353340983091643,0.509647270052257,0.291977435829339,0.101149578473207,0.259337800744566,0.104407622582271,-0.0411914563178107,0.08758799667235,0.145243336640527,0.142530072273708,0.184194371498796,0.270467752833928,0.124777392531286,0.255349084693161,0.162328768982576,0.441193571269641,0.0875388859174472,0.232182136226154,0.428925641819527,0.352137727373579,0.149323760230632,0.131427229288174,0.254649071166015,0.360751341634318,-0.0165325395272065,High
109,TCGA.AB.2882.03A,0.518291869069033,0.334842444493528,0.348223080774346,0.315450533321221,0.539375730138023,0.303598003182455,0.203213849086729,0.279135994818184,0.227723655509448,0.00632826735711395,0.0661877278719192,0.288202375601289,0.110694503044073,0.251609698823936,0.257942158924511,0.239590630977401,0.250110025033523,0.23599911831463,0.590563193018402,0.141112031066848,0.34475418624167,0.488993920565447,0.366057961367367,0.229024110076703,0.23103953148078,0.368637349274376,0.422989596811877,0.038231305804891,Low
110,TCGA.AB.2849.03A,0.291121632576691,0.245936728582814,0.19583068470695,0.325225188142837,0.470145127020857,0.26971543241249,0.131062292974249,0.209485735664917,0.147917122062422,-0.0569643389436444,0.0341308056845964,0.109527892411285,0.0439029225943575,0.048212503928095,0.11998713222604,0.142176849855029,0.19800671297383,0.186528756770245,0.354955578852943,0.0665965313858753,0.240610965681037,0.434136107055412,0.333095580075536,0.0212790766871131,0.0412522370167142,0.0941696722987069,0.371057854535916,-0.077100233851498,Low
111,TCGA.AB.2965.03A,0.265002029456089,0.334854601943214,0.25634898722073,0.264812638205069,0.479895765662342,0.300690672898503,0.165712524142743,0.307865300865336,0.142874976597908,-0.0320539299572499,0.133122318364382,0.318741661592075,0.0761641005224651,0.195988480829025,0.28411753163144,0.200014257235843,0.228194071518793,0.162688502413548,0.568295357495644,0.110637022119509,0.323966586642672,0.485863748038246,0.382807751912743,0.366722518871484,0.219195958815728,0.346532555236073,0.451358165708815,0.109530627685161,Low
112,TCGA.AB.2819.03A,0.336331272347037,0.290605297573466,0.261205758303288,0.297712678894527,0.411225233521198,0.245020056673,0.109698260487526,0.248800519808722,0.143980245699855,-0.0604218727443311,0.187909956258865,0.294538111730861,0.174437394899106,0.183279392948695,0.272159967568772,0.128806511460375,0.182135582530229,0.133228383572513,0.389905227581259,0.0498884371754406,0.224145449426937,0.388130734068183,0.348211551598987,0.118502948408944,0.12823166291757,0.245673520337641,0.367700779562092,-0.135046052311976,High
113,TCGA.AB.2917.03A,0.250088574347877,0.25799168716167,0.246682034096228,0.305245923367206,0.45237622632117,0.290829772685072,0.11829534822017,0.26085542332638,0.164387254426911,-0.0485340834988942,0.185686537732413,0.206672617056853,0.0256714851348342,0.107680516564959,0.275811443782113,0.207343443708138,0.211973010537992,0.150414540050813,0.493133319768403,0.113050004490292,0.257100343231772,0.419837747146548,0.329431266764444,0.195607683801883,0.14624365068505,0.343982177944071,0.386939078224479,0.0860871166822062,High
114,TCGA.AB.2897.03A,0.354143834019908,0.238021530168834,0.15942445093344,0.137321644721809,0.474853241040138,0.169310420483252,0.0592204434933646,0.249488342897717,0.163140638093441,0.0509546428117116,-0.0784297441597501,0.188821936862114,0.0435380282223908,0.0568940963571005,0.202887738760317,0.107147379989564,0.201921538235221,0.211341649360743,0.374145806381849,0.0758549273432433,0.233460301006848,0.437616987640304,0.414465676287712,0.119934289997971,0.164942836786429,0.269361855795054,0.388140899389566,-0.0708015691279699,Low
115,TCGA.AB.2873.03A,0.335288213887948,0.335358971812548,0.319140899584768,0.308291791423616,0.521859721899782,0.281383723557459,0.230447765723862,0.348812897546577,0.193158704294149,0.0300498640731602,0.0686613566750035,0.36953875344429,0.0826270407692385,0.296447000556649,0.146787495739874,0.225538188049388,0.176103612201413,0.229823360676091,0.661164777057551,0.162889176667661,0.416416247113089,0.495722875588688,0.357768057013879,0.430303881309337,0.230952643101783,0.357223608417805,0.503928215754952,0.267177763526986,Low
116,TCGA.AB.2971.03A,0.391841034901098,0.301730250070119,0.312337345556977,0.266102141703165,0.523527251104235,0.276968492891034,0.234561304999089,0.323304234736447,0.17829345176381,0.00749398012700637,0.0604237277809093,0.315513931194149,0.0723720199065055,0.236306643732972,0.194880485810208,0.213387468399458,0.220940859486768,0.228702702968251,0.641996193838454,0.141214650646775,0.331567661510683,0.482948855309117,0.354800228668663,0.332585027563356,0.245027864221122,0.354336346032741,0.494815550109702,0.128107676539564,Low
117,TCGA.AB.2893.03A,0.296250426546031,0.356870550016748,0.291855012524389,0.262913562187892,0.512487848100218,0.29993129896893,0.197604872026767,0.349753392248794,0.141580244561155,-0.0230455655102221,0.115427701092097,0.384108121755189,0.0764937677137111,0.26626978956613,0.245240500111946,0.18383164072186,0.178944244112625,0.173866887062986,0.598593932540919,0.118019885691466,0.349415404600709,0.475086133192632,0.364615800166373,0.393504256813042,0.170416455728652,0.300640601458437,0.497072913152061,0.12914911174311,High
118,TCGA.AB.2925.03A,0.251351831645583,0.348332644004621,0.247840384193303,0.206734558627331,0.493334878060615,0.243257498274087,0.143633189292791,0.292355510819261,0.138683766593189,0.00131904277953347,0.0290823124547563,0.291505247141562,0.0638443522489037,0.22190898498944,0.221236630853553,0.19136788396979,0.205675101078516,0.204977235369526,0.577203643814473,0.115073603113336,0.311266001166927,0.480480820752689,0.379495425551543,0.338063349468325,0.189256872810515,0.283732384884745,0.48518779350814,0.0659685049800222,Low
119,TCGA.AB.2843.03A,0.407891276917662,0.364403458206118,0.299916749899067,0.362574104503862,0.527114485778186,0.315085597970995,0.22524625491897,0.303747685189221,0.15764999906306,-0.0246392593955519,0.165487756402225,0.272182915494968,0.259402616171303,0.397222404065991,0.305733074720833,0.18492547317612,0.212141692290745,0.187959051993941,0.606086179421585,0.139889657804983,0.326609361245254,0.478290602841947,0.313412469224144,0.245179338593559,0.213640613496888,0.233031628326099,0.450232600659167,-0.091812613860046,High
120,TCGA.AB.3012.03A,0.32300520592842,0.289881361649419,0.167930695663326,0.167483564880935,0.475553862693757,0.193850805923527,0.0665689608152815,0.255258941524988,0.134125993710672,0.0575257569514256,-0.0189927814008036,0.253430010642637,-0.000847767420602808,0.119761862162579,0.275092921805384,0.153822784188993,0.233874153669161,0.194385500144409,0.353210461377707,0.0897025185267652,0.235082823215506,0.423029118675227,0.401434983585345,0.12092467338838,0.13123033496332,0.318568443847173,0.433679598973347,-0.0465683177418028,High
121,TCGA.AB.2908.03A,0.484384257414675,0.249258636309239,0.260537560184523,0.293325749268801,0.517971238579126,0.278786284385051,0.166961269606933,0.297953386865139,0.178427444849838,0.0317457840095037,0.114991924773783,0.236428500077673,0.13360639050445,0.156231769394389,0.233493978388498,0.183302258886544,0.205732194538898,0.147990754322822,0.478608208816592,0.105833273234799,0.247050980074746,0.484677314534488,0.368695455010514,0.136570169996787,0.135993570897102,0.333736003151719,0.423551869162397,0.0518388017188782,High
122,TCGA.AB.2934.03A,0.324216860026811,0.353523298239992,0.349092422854484,0.177648935644409,0.537580475711811,0.292435706429733,0.277477555825631,0.340677986474731,0.175423438463699,-0.0269490487011222,0.00756702208791877,0.381371978178356,0.154695457400692,0.368765889949645,0.254253568647763,0.196597149689849,0.191662268095526,0.276956087108625,0.671437024707679,0.117330303292138,0.350268090567693,0.509521312788088,0.350419136965062,0.327231050301227,0.169127379417918,0.239110493435094,0.531778241945168,0.155167148188199,High
123,TCGA.AB.2927.03A,0.447643129050571,0.293208360727188,0.340856398439943,0.327148165506205,0.559774031273781,0.249112398242374,0.255422511175137,0.30381160295685,0.182499510548968,-0.0184975091665238,0.122169021187348,0.329556028013349,0.288931065347361,0.358349924534969,0.291569158040362,0.229327307047542,0.20670095056332,0.216580360204313,0.606612727497609,0.132204891311023,0.33360820217907,0.469855349545794,0.341865426447114,0.25366886304631,0.213984281463268,0.248259572516427,0.455344024338688,-0.0510168230300144,High
124,TCGA.AB.2844.03A,0.276908528811836,0.275254027354145,0.232798645993449,0.243150037411297,0.497700980606117,0.2648912122777,0.168001672129944,0.287184389987881,0.141944691930248,-0.0137612447414708,0.0600846327185616,0.300340542765725,0.0901976930073504,0.135841541574465,0.302271621649208,0.140991795019857,0.210281160710557,0.174549688536249,0.562502531486688,0.0923489623999714,0.264109008490626,0.457776463361813,0.378465161659243,0.217324067512311,0.157364944781158,0.283416524562431,0.454743768826097,0.0395922502528536,Low
125,TCGA.AB.2984.03A,0.298288164467732,0.234638277378036,0.124038864291846,0.193798363341611,0.497755921031521,0.238036432957827,0.0605568116308857,0.21011179337356,0.0726818002376539,-0.0408436069657231,0.00268206552669105,0.0909751780937854,0.00486384959174925,0.0304822454209272,0.164731703785986,0.144727648859813,0.24920505841183,0.106866649154021,0.260780770417403,0.0456700698022103,0.202196702428946,0.453952273164652,0.27263619129542,0.116925975351154,0.11624884859661,0.205296851192722,0.377890132436628,-0.282694826649448,Low
126,TCGA.AB.2935.03A,0.491523533223438,0.278375347750403,0.337407727624942,0.340908456961697,0.555853407615412,0.310797565578116,0.200341894592571,0.332979245809615,0.178418358853031,0.0261352448419152,0.131739579793664,0.337887127546733,0.207218508873605,0.256043073685924,0.262879530991035,0.179324850025839,0.243875645483141,0.213220096511522,0.644912884232737,0.144044810284131,0.323985470245891,0.513844318495137,0.40890219813704,0.317702990127037,0.225284915429197,0.374655365294982,0.46984345737444,0.118401868983467,High
127,TCGA.AB.2920.03B,0.31359027858006,0.213950806292035,0.218043980517561,0.160435448864163,0.486585657646969,0.191105254158954,0.105153809555708,0.254938599656281,0.0975366306282459,-0.00234615529818724,0.0203895677299084,0.13521207542421,0.19733202233902,0.206638291228586,0.212595719418652,0.17209445126426,0.184965537748582,0.19495220231714,0.432977130767421,0.0852803151002892,0.221681614404507,0.454567056515914,0.346567127234201,0.132908003687412,0.102506038188456,0.222421443421003,0.412164597458744,-0.139070025102279,Low
128,TCGA.AB.2896.03B,0.299481050913035,0.295446080781767,0.238202570151535,0.173773832795012,0.518065056816731,0.247416412275767,0.145842548529415,0.250992373260013,0.124408754131159,-0.109885457359327,0.0679860949642992,0.220464335588913,0.0864919097410801,0.106804527636023,0.244682661367767,0.147803942337936,0.229852186637007,0.19506382291758,0.471895702149165,0.0722398925150541,0.26886886568018,0.486088562156479,0.357445074771547,0.233556476490706,0.123817704312932,0.286601455358821,0.436362257671107,-0.124106248978978,High
129,TCGA.AB.2994.03A,0.406644359005942,0.31360735431831,0.311755383824133,0.209171834705036,0.542807080743146,0.190612698667796,0.150642393385245,0.228305386357273,0.170479795662145,0.0458754054496524,-0.0135186565490406,0.253453528605801,0.0799970761174459,0.195139253527571,0.211077385971998,0.180762780126036,0.199567224603437,0.236271109604433,0.574381930554767,0.130071377082704,0.272922348510414,0.423839396919498,0.359014151226027,0.16956712426474,0.199029878739685,0.344042616478574,0.474621536300917,0.0468033849168898,Low
130,TCGA.AB.2830.03A,0.462429531929267,0.2790444032521,0.319871724745633,0.311493724357235,0.525384165184887,0.221673514808199,0.143761031268586,0.255909930660342,0.149448164014677,-0.0426102382134865,0.136443761825958,0.230630251327848,0.248036580739639,0.309437957001164,0.319191614446833,0.157593313375091,0.183022131387323,0.17306819831103,0.499088596929696,0.120228483117746,0.278684622960734,0.445047864035605,0.330633444838032,0.167071671905257,0.147997102058382,0.182023301133568,0.422488831943811,-0.196506185425634,High
131,TCGA.AB.2977.03B,0.381728102218851,0.303696915865027,0.301921122160664,0.141409895281103,0.55489421608943,0.186861845239901,0.201730813781598,0.280402227400593,0.199868460816933,-0.00345020160474671,-0.0381053348199344,0.320727447772917,0.157604697610283,0.235892259571113,0.140661138527227,0.191713363102646,0.220321607758239,0.273825498595632,0.60027385741964,0.1552043756416,0.311391422552777,0.473683028976317,0.378780798422264,0.302924676708813,0.111375939469182,0.326980962443866,0.526540854665888,0.0932471461970707,High
132,TCGA.AB.2892.03A,0.259009513678604,0.377120617448559,0.296182133347177,0.288868993575811,0.468550195741433,0.28501454082964,0.242384800162948,0.295267772702232,0.159993749161616,-0.0403722198328764,0.128294622339455,0.397278119135574,0.119402720516131,0.247346207142996,0.28704429554047,0.190938242133896,0.224338330837601,0.161762296852323,0.629252204892362,0.135719092337812,0.295522598166594,0.498537951087409,0.382879934156381,0.337107405869712,0.254121064177909,0.372403956277079,0.502548021540878,0.0884548748249412,High
